{
    "avg_prec": {
        "train": 0.9999992826645112,
        "test": 0.9999588805382738
    },
    "roc_auc": {
        "train": 0.9999976379750115,
        "test": 0.999906937909716
    }
}