{
    "avg_prec": {
        "train": 0.9999994842001351,
        "test": 0.9998847050909374
    },
    "roc_auc": {
        "train": 0.9999989953396623,
        "test": 0.9997486922578248
    }
}